[
  {
    "id": "fd49acd4-5a14-4ecd-af05-9417efd1830f",
    "data": [
      {
        "text": "double ",
        "userDefined": false
      },
      {
        "text": "4",
        "alias": "num",
        "meta": "@sys.number",
        "userDefined": true
      }
    ],
    "isTemplate": false,
    "count": 0,
    "updated": 1548158900
  },
  {
    "id": "39ebfc7c-f8fe-4ba0-abf7-2803c72017c3",
    "data": [
      {
        "text": "2",
        "alias": "num",
        "meta": "@sys.number",
        "userDefined": false
      }
    ],
    "isTemplate": false,
    "count": 0,
    "updated": 1548158900
  }
]