[
  {
    "id": "28a2edc5-819e-4f3b-b3b1-cc151b0d3825",
    "data": [
      {
        "text": "call me ",
        "userDefined": false
      },
      {
        "text": "jill",
        "alias": "name",
        "meta": "@sys.given-name",
        "userDefined": false
      }
    ],
    "isTemplate": false,
    "count": 0,
    "updated": 1548233299
  },
  {
    "id": "faadd461-4788-4ae1-a63d-dda505d3a49a",
    "data": [
      {
        "text": "john",
        "alias": "name",
        "meta": "@sys.given-name",
        "userDefined": false
      }
    ],
    "isTemplate": false,
    "count": 0,
    "updated": 1548233299
  },
  {
    "id": "5711e20f-c0d0-44cd-906d-a7f3b1799073",
    "data": [
      {
        "text": "dave",
        "alias": "name",
        "meta": "@sys.given-name",
        "userDefined": false
      }
    ],
    "isTemplate": false,
    "count": 0,
    "updated": 1548233299
  },
  {
    "id": "4dc56091-bfcd-4a89-ba57-07216a24d6fc",
    "data": [
      {
        "text": "my name is ",
        "userDefined": false
      },
      {
        "text": "susie",
        "alias": "name",
        "meta": "@sys.given-name",
        "userDefined": false
      }
    ],
    "isTemplate": false,
    "count": 0,
    "updated": 1548233299
  }
]