[
  {
    "id": "61a29709-a01c-45a7-b3ab-cbcfc8cd959b",
    "data": [
      {
        "text": "definitely not",
        "userDefined": false
      }
    ],
    "isTemplate": false,
    "count": 0,
    "updated": 1548082644
  },
  {
    "id": "553f0bd7-d08d-4fff-b4f5-ee756e0089ff",
    "data": [
      {
        "text": "no thanks",
        "userDefined": false
      }
    ],
    "isTemplate": false,
    "count": 0,
    "updated": 1548082644
  },
  {
    "id": "c09018bb-b8fd-430f-ac9e-d5b5f7baeff8",
    "data": [
      {
        "text": "no",
        "userDefined": false
      }
    ],
    "isTemplate": false,
    "count": 0,
    "updated": 1548082644
  }
]